constellation,npv
Starlink,1042658689.2807009
OneWeb,1033566806.4561782
Kuiper,98.9190100832472
